Make,Model_Name,Model_StartYear,Model_EndYear,Model_LinkMake,Model_Name,Model_StartYear,Model_EndYear,Model_Link
Jaguar,Jaguar 100,1945,1945,/model/jaguar/100_jag.html
Jaguar,Jaguar 240-340,1967,1969,/model/jaguar/240-340.html
Jaguar,Jaguar 420,1966,1968,/model/jaguar/420.html
Jaguar,Jaguar 420 G,1966,1970,/model/jaguar/420g.html
Jaguar,Jaguar C-X16,2011,2011,/model/jaguar/c-x16.html
Jaguar,Jaguar D-Type,1954,1956,/model/jaguar/d-type.html
Jaguar,Jaguar E-Pace,2017,,/model/jaguar/e-pace.html
Jaguar,Jaguar E-Type (XK-E) Series I,1961,1968,/model/jaguar/e-type_1.html
Jaguar,Jaguar E-Type (XK-E) Series II,1968,1971,/model/jaguar/e-type_2.html
Jaguar,Jaguar E-Type (XK-E) Series III,1971,1974,/model/jaguar/e-type_3.html
Jaguar,Jaguar E1A Prototype,1957,1957,/model/jaguar/e1a.html
Jaguar,Jaguar E2A Prototype,1960,1960,/model/jaguar/e2a.html
Jaguar,Jaguar F-Pace,2016,,/model/jaguar/f-pace.html
Jaguar,Jaguar F-Type,2013,,/model/jaguar/f-type.html
Jaguar,Jaguar F-Type Concept,2001,2001,/model/jaguar/f-type_concept.html
Jaguar,Jaguar I-Pace,2018,,/model/jaguar/i-pace.html
Jaguar,Jaguar Mark 1 (2.4/3.4-Litre),1955,1959,/model/jaguar/mk_1.html
Jaguar,Jaguar Mark 2,1959,1967,/model/jaguar/mk_2.html
Jaguar,Jaguar Mark IV,1945,1948,/model/jaguar/mark_4.html
Jaguar,Jaguar Mark IX,1958,1961,/model/jaguar/mark_9.html
Jaguar,Jaguar Mark V,1948,1951,/model/jaguar/mark_5.html
Jaguar,Jaguar Mark VII,1951,1956,/model/jaguar/mark_7.html
Jaguar,Jaguar Mark VIII,1956,1959,/model/jaguar/mark_8.html
Jaguar,Jaguar Mark X,1961,1966,/model/jaguar/mark_x.html
Jaguar,Jaguar S-Type,1963,1968,/model/jaguar/s-type.html
Jaguar,Jaguar S-Type (New),1999,2008,/model/jaguar/s-type_2.html
Jaguar,Jaguar X-Type model X400,2001,2009,/model/jaguar/x-type_1.html
Jaguar,Jaguar XE,2015,,/model/jaguar/xe_1.html
Jaguar,Jaguar XF 1st generation,2008,2015,/model/jaguar/xf_1.html
Jaguar,Jaguar XF 2nd generation,2016,,/model/jaguar/xf_2.html
Jaguar,Jaguar XJ Series I,1968,1973,/model/jaguar/xj_series_1.html
Jaguar,Jaguar XJ Series II,1973,1979,/model/jaguar/xj_series_2.html
Jaguar,Jaguar XJ Series III,1979,1992,/model/jaguar/xj_series_3.html
Jaguar,Jaguar XJ model X300-X305-X306-X308,1994,2003,/model/jaguar/xj_xj300.html
Jaguar,Jaguar XJ model X350-X358,2003,2009,/model/jaguar/xj_xj350.html
Jaguar,Jaguar XJ model X351,2009,2019,/model/jaguar/xj_xj351.html
Jaguar,Jaguar XJ model XJ40-XJ81,1986,1994,/model/jaguar/xj_xj40_81.html
Jaguar,Jaguar XJ-S,1975,1996,/model/jaguar/xj-s.html
Jaguar,Jaguar XJ13 Prototype,1966,1966,/model/jaguar/xj13.html
Jaguar,Jaguar XJ220,1988,1992,/model/jaguar/xj_220.html
Jaguar,Jaguar XJR-15,1992,1992,/model/jaguar/xjr-15.html
Jaguar,Jaguar XK 100 Prototype,1948,1948,/model/jaguar/xk_100.html
Jaguar,Jaguar XK 120,1948,1954,/model/jaguar/xk_120.html
Jaguar,Jaguar XK 120 C-Type,1951,1953,/model/jaguar/xk_120_c.html
Jaguar,Jaguar XK 140,1954,1957,/model/jaguar/xk_140.html
Jaguar,Jaguar XK 150,1957,1961,/model/jaguar/xk_150.html
Jaguar,Jaguar XK 150 Zagato,1958,1959,/model/jaguar/xk_150_zagato.html
Jaguar,Jaguar XK SS,1957,1957,/model/jaguar/xk_ss.html
Jaguar,Jaguar XK model X100,1996,2006,/model/jaguar/xk_x100.html
Jaguar,Jaguar XK model X150,2006,2014,/model/jaguar/xk_x150.html
Jaguar,Jaguar XKR-R Concept,2001,2001,/model/jaguar/xkr-r.html
